{"cameraMode":{"drawMode":0,"name":"Shaded","section":"Shading Mode"},"sceneLighting":false,"audioPlay":false,"sceneViewState":{"showFog":true,"showMaterialUpdate":false,"showSkybox":false,"showFlares":true,"showImageEffects":true,"showParticleSystems":true},"in2DMode":false,"pivot":{"x":-1.5356040000915528,"y":-0.41425490379333498,"z":4.084685325622559},"rotation":{"x":0.28468164801597597,"y":0.41835540533065798,"z":-0.13996067643165589,"w":0.8511039614677429},"size":2.234846830368042,"orthographic":false}