{"cameraMode":{"drawMode":0,"name":"Shaded","section":"Shading Mode"},"sceneLighting":true,"audioPlay":false,"sceneViewState":{"showFog":true,"showMaterialUpdate":false,"showSkybox":true,"showFlares":true,"showImageEffects":true,"showParticleSystems":true},"in2DMode":false,"pivot":{"x":0.44696226716041567,"y":3.2494935989379885,"z":1.000236988067627},"rotation":{"x":0.021629948168992997,"y":0.81620192527771,"z":0.03062261827290058,"w":-0.5765553116798401},"size":7.406809329986572,"orthographic":false}