{"cameraMode":{"drawMode":0,"name":"Shaded","section":"Shading Mode"},"sceneLighting":true,"audioPlay":false,"sceneViewState":{"showFog":true,"showMaterialUpdate":false,"showSkybox":true,"showFlares":true,"showImageEffects":true,"showParticleSystems":true},"in2DMode":false,"pivot":{"x":7.841265678405762,"y":-0.4494180679321289,"z":17.58620834350586},"rotation":{"x":0.48931631445884707,"y":-0.5079173445701599,"z":0.46274855732917788,"w":0.537078320980072},"size":26.531330108642579,"orthographic":false}