{"cameraMode":{"drawMode":0,"name":"Shaded","section":"Shading Mode"},"sceneLighting":true,"audioPlay":false,"sceneViewState":{"showFog":true,"showMaterialUpdate":false,"showSkybox":true,"showFlares":true,"showImageEffects":true,"showParticleSystems":true},"in2DMode":false,"pivot":{"x":0.9642620086669922,"y":1.6324195861816407,"z":3.3755600452423097},"rotation":{"x":0.11683625727891922,"y":-0.7480390071868897,"z":0.13681386411190034,"w":0.6388046741485596},"size":10.159329414367676,"orthographic":false}