{"cameraMode":{"drawMode":0,"name":"Shaded","section":"Shading Mode"},"sceneLighting":true,"audioPlay":false,"sceneViewState":{"showFog":true,"showMaterialUpdate":false,"showSkybox":true,"showFlares":true,"showImageEffects":true,"showParticleSystems":true},"in2DMode":false,"pivot":{"x":2.973783016204834,"y":-1.37762451171875,"z":2.7680540084838869},"rotation":{"x":0.4056442677974701,"y":-0.5793611407279968,"z":0.406133770942688,"w":0.5786632299423218},"size":19.064952850341798,"orthographic":false}