{"cameraMode":{"drawMode":0,"name":"Shaded","section":"Shading Mode"},"sceneLighting":true,"audioPlay":false,"sceneViewState":{"showFog":true,"showMaterialUpdate":false,"showSkybox":true,"showFlares":true,"showImageEffects":true,"showParticleSystems":true},"in2DMode":false,"pivot":{"x":1.2528834342956544,"y":3.860426425933838,"z":0.6723201870918274},"rotation":{"x":-0.029628921300172807,"y":0.655561089515686,"z":-0.025804180651903154,"w":-0.7542022466659546},"size":6.624746322631836,"orthographic":false}